{"mean": [88.32332611083984, 136.81954956054688, 215.27908325195312], "std": [38.40046691894531, 162.6996307373047, 123.0358657836914]}